{
    "read_files": "[ ./fastqfiles/KO-CDR2L-1/KO-CDR2L-1_1.fq.gz, ./fastqfiles/KO-CDR2L-1/KO-CDR2L-1_2.fq.gz]",
    "expected_format": "ISR",
    "compatible_fragment_ratio": 1.0,
    "num_compatible_fragments": 20570732,
    "num_assigned_fragments": 20570732,
    "num_frags_with_concordant_consistent_mappings": 20151758,
    "num_frags_with_inconsistent_or_orphan_mappings": 438862,
    "strand_mapping_bias": 0.00001071855293183685,
    "MSF": 0,
    "OSF": 0,
    "ISF": 216,
    "MSR": 0,
    "OSR": 0,
    "ISR": 20151758,
    "SF": 202736,
    "SR": 235910,
    "MU": 0,
    "OU": 0,
    "IU": 0,
    "U": 0
}