{
    "read_files": "[ ./fastqfiles/WT-1/WT-1_1.fq.gz, ./fastqfiles/WT-1/WT-1_2.fq.gz]",
    "expected_format": "ISR",
    "compatible_fragment_ratio": 1.0,
    "num_compatible_fragments": 21618740,
    "num_assigned_fragments": 21618740,
    "num_frags_with_concordant_consistent_mappings": 21003257,
    "num_frags_with_inconsistent_or_orphan_mappings": 676878,
    "strand_mapping_bias": 0.000011474279189114118,
    "MSF": 0,
    "OSF": 0,
    "ISF": 241,
    "MSR": 0,
    "OSR": 0,
    "ISR": 21003257,
    "SF": 327947,
    "SR": 348690,
    "MU": 0,
    "OU": 0,
    "IU": 0,
    "U": 0
}