{
    "read_files": "[ ./fastqfiles/KO-CDR1-3/KO-CDR1-3_1.fq.gz, ./fastqfiles/KO-CDR1-3/KO-CDR1-3_2.fq.gz]",
    "expected_format": "ISR",
    "compatible_fragment_ratio": 1.0,
    "num_compatible_fragments": 21540070,
    "num_assigned_fragments": 21540070,
    "num_frags_with_concordant_consistent_mappings": 20960313,
    "num_frags_with_inconsistent_or_orphan_mappings": 607928,
    "strand_mapping_bias": 0.00001154549581344578,
    "MSF": 0,
    "OSF": 0,
    "ISF": 242,
    "MSR": 0,
    "OSR": 0,
    "ISR": 20960313,
    "SF": 300238,
    "SR": 307448,
    "MU": 0,
    "OU": 0,
    "IU": 0,
    "U": 0
}