{
    "read_files": "[ ./fastqfiles/WT-2/WT-2_1.fq.gz, ./fastqfiles/WT-2/WT-2_2.fq.gz]",
    "expected_format": "ISR",
    "compatible_fragment_ratio": 1.0,
    "num_compatible_fragments": 21452489,
    "num_assigned_fragments": 21452489,
    "num_frags_with_concordant_consistent_mappings": 20753514,
    "num_frags_with_inconsistent_or_orphan_mappings": 738618,
    "strand_mapping_bias": 0.00001098597062640559,
    "MSF": 0,
    "OSF": 0,
    "ISF": 228,
    "MSR": 0,
    "OSR": 0,
    "ISR": 20753514,
    "SF": 372786,
    "SR": 365604,
    "MU": 0,
    "OU": 0,
    "IU": 0,
    "U": 0
}