{
    "read_files": "[ ./fastqfiles/KO-CDR1-2/KO-CDR1-2_1.fq.gz, ./fastqfiles/KO-CDR1-2/KO-CDR1-2_2.fq.gz]",
    "expected_format": "ISR",
    "compatible_fragment_ratio": 1.0,
    "num_compatible_fragments": 20976242,
    "num_assigned_fragments": 20976242,
    "num_frags_with_concordant_consistent_mappings": 20429874,
    "num_frags_with_inconsistent_or_orphan_mappings": 578682,
    "strand_mapping_bias": 0.00001155157754901956,
    "MSF": 0,
    "OSF": 0,
    "ISF": 236,
    "MSR": 0,
    "OSR": 0,
    "ISR": 20429874,
    "SF": 275537,
    "SR": 302909,
    "MU": 0,
    "OU": 0,
    "IU": 0,
    "U": 0
}