{
    "read_files": "[ ./fastqfiles/KO-CDR2L-3/KO-CDR2L-3_1.fq.gz, ./fastqfiles/KO-CDR2L-3/KO-CDR2L-3_2.fq.gz]",
    "expected_format": "ISR",
    "compatible_fragment_ratio": 1.0,
    "num_compatible_fragments": 21552275,
    "num_assigned_fragments": 21552275,
    "num_frags_with_concordant_consistent_mappings": 21073260,
    "num_frags_with_inconsistent_or_orphan_mappings": 501729,
    "strand_mapping_bias": 0.000011103996328278547,
    "MSF": 0,
    "OSF": 0,
    "ISF": 234,
    "MSR": 0,
    "OSR": 0,
    "ISR": 21073260,
    "SF": 251043,
    "SR": 250452,
    "MU": 0,
    "OU": 0,
    "IU": 0,
    "U": 0
}