{
    "read_files": "[ ./fastqfiles/KO-CDR2L-2/KO-CDR2L-2_1.fq.gz, ./fastqfiles/KO-CDR2L-2/KO-CDR2L-2_2.fq.gz]",
    "expected_format": "ISR",
    "compatible_fragment_ratio": 1.0,
    "num_compatible_fragments": 20838864,
    "num_assigned_fragments": 20838864,
    "num_frags_with_concordant_consistent_mappings": 20414268,
    "num_frags_with_inconsistent_or_orphan_mappings": 443045,
    "strand_mapping_bias": 0.000011658376646488532,
    "MSF": 0,
    "OSF": 0,
    "ISF": 238,
    "MSR": 0,
    "OSR": 0,
    "ISR": 20414268,
    "SF": 199437,
    "SR": 243370,
    "MU": 0,
    "OU": 0,
    "IU": 0,
    "U": 0
}