{
    "salmon_version": "1.3.0",
    "samp_type": "none",
    "opt_type": "vb",
    "quant_errors": [],
    "num_libraries": 1,
    "library_types": [
        "ISR"
    ],
    "frag_dist_length": 1001,
    "frag_length_mean": 201.70639541722736,
    "frag_length_sd": 72.96409805024084,
    "seq_bias_correct": false,
    "gc_bias_correct": true,
    "num_bias_bins": 4096,
    "mapping_type": "mapping",
    "keep_duplicates": false,
    "num_valid_targets": 226608,
    "num_decoy_targets": 194,
    "num_eq_classes": 417255,
    "serialized_eq_classes": false,
    "eq_class_properties": [
        "range_factorized",
        "gzipped"
    ],
    "length_classes": [
        538,
        717,
        1193,
        2355,
        104301
    ],
    "index_seq_hash": "4260e6940afd09855e30858f10b1382e01f2dc08d0c8148e279649e8f97cf722",
    "index_name_hash": "37f3b6fe3f99e8f152cfcf06c419c04081a3673286ba97856639d965e121cb64",
    "index_seq_hash512": "2bc9ae123f8d65c9f4b90fed5c1ebd2346920a7c48719b2b60b97274c348ecdf9b53758a497c290504a0327f231d29b4be33e838df788b3a0fbf1a73c25b5f4f",
    "index_name_hash512": "519cf9d27d85860a373660e626b7d538a8240fa15e76b7e0942dd7edac5d99370546f5dde55f4eb5c8169c4c8c0eb1d8753c808c53f32fb1cc736e10176a2211",
    "index_decoy_seq_hash": "b87b7a94564c31d78da407e60a0aeb310b2dbdb398e0ddb39392286aaf2fe88c",
    "index_decoy_name_hash": "5fc84a462ccf4735efdc48604a520ee47e1319156c2a5c252f5daba1e99bb401",
    "num_bootstraps": 0,
    "num_processed": 22444956,
    "num_mapped": 21621605,
    "num_decoy_fragments": 329115,
    "num_dovetail_fragments": 476708,
    "num_fragments_filtered_vm": 529392,
    "num_alignments_below_threshold_for_mapped_fragments_vm": 11253835,
    "percent_mapped": 96.33168806390175,
    "call": "quant",
    "start_time": "Wed Nov 30 15:16:50 2022",
    "end_time": "Wed Nov 30 15:19:48 2022"
}