{
    "read_files": "[ ./fastqfiles/KO-CDR2-2/KO-CDR2-2_1.fq.gz, ./fastqfiles/KO-CDR2-2/KO-CDR2-2_2.fq.gz]",
    "expected_format": "ISR",
    "compatible_fragment_ratio": 1.0,
    "num_compatible_fragments": 21621605,
    "num_assigned_fragments": 21621605,
    "num_frags_with_concordant_consistent_mappings": 20975298,
    "num_frags_with_inconsistent_or_orphan_mappings": 696418,
    "strand_mapping_bias": 0.000009344237613664785,
    "MSF": 0,
    "OSF": 0,
    "ISF": 196,
    "MSR": 0,
    "OSR": 0,
    "ISR": 20975298,
    "SF": 354656,
    "SR": 341566,
    "MU": 0,
    "OU": 0,
    "IU": 0,
    "U": 0
}