{
    "read_files": "[ ./fastqfiles/KO-CDR1-1/KO-CDR1-1_1.fq.gz, ./fastqfiles/KO-CDR1-1/KO-CDR1-1_2.fq.gz]",
    "expected_format": "ISR",
    "compatible_fragment_ratio": 1.0,
    "num_compatible_fragments": 21562723,
    "num_assigned_fragments": 21562723,
    "num_frags_with_concordant_consistent_mappings": 21008439,
    "num_frags_with_inconsistent_or_orphan_mappings": 588550,
    "strand_mapping_bias": 0.000011233454751430064,
    "MSF": 0,
    "OSF": 0,
    "ISF": 236,
    "MSR": 0,
    "OSR": 0,
    "ISR": 21008439,
    "SF": 267018,
    "SR": 321296,
    "MU": 0,
    "OU": 0,
    "IU": 0,
    "U": 0
}