{
    "read_files": "[ ./fastqfiles/KO-CDR2-3/KO-CDR2-3_1.fq.gz, ./fastqfiles/KO-CDR2-3/KO-CDR2-3_2.fq.gz]",
    "expected_format": "ISR",
    "compatible_fragment_ratio": 1.0,
    "num_compatible_fragments": 21701790,
    "num_assigned_fragments": 21701790,
    "num_frags_with_concordant_consistent_mappings": 21128725,
    "num_frags_with_inconsistent_or_orphan_mappings": 625121,
    "strand_mapping_bias": 0.000009749665044577977,
    "MSF": 0,
    "OSF": 0,
    "ISF": 206,
    "MSR": 0,
    "OSR": 0,
    "ISR": 21128725,
    "SF": 307565,
    "SR": 317350,
    "MU": 0,
    "OU": 0,
    "IU": 0,
    "U": 0
}