{
    "read_files": "[ ./fastqfiles/WT-3/WT-3_1.fq.gz, ./fastqfiles/WT-3/WT-3_2.fq.gz]",
    "expected_format": "ISR",
    "compatible_fragment_ratio": 1.0,
    "num_compatible_fragments": 21527104,
    "num_assigned_fragments": 21527104,
    "num_frags_with_concordant_consistent_mappings": 20874491,
    "num_frags_with_inconsistent_or_orphan_mappings": 693181,
    "strand_mapping_bias": 0.000010826494078937693,
    "MSF": 0,
    "OSF": 0,
    "ISF": 226,
    "MSR": 0,
    "OSR": 0,
    "ISR": 20874491,
    "SF": 333789,
    "SR": 359166,
    "MU": 0,
    "OU": 0,
    "IU": 0,
    "U": 0
}