{
    "read_files": "[ ./fastqfiles/KO-CDR2-1/KO-CDR2-1_1.fq.gz, ./fastqfiles/KO-CDR2-1/KO-CDR2-1_2.fq.gz]",
    "expected_format": "ISR",
    "compatible_fragment_ratio": 1.0,
    "num_compatible_fragments": 21588172,
    "num_assigned_fragments": 21588172,
    "num_frags_with_concordant_consistent_mappings": 20995230,
    "num_frags_with_inconsistent_or_orphan_mappings": 640469,
    "strand_mapping_bias": 0.000010383203063826026,
    "MSF": 0,
    "OSF": 0,
    "ISF": 218,
    "MSR": 0,
    "OSR": 0,
    "ISR": 20995230,
    "SF": 307967,
    "SR": 332284,
    "MU": 0,
    "OU": 0,
    "IU": 0,
    "U": 0
}